{"chunk_definitions":[{"chunk_id":"cx9gk7isqpllu","chunk_label":"unnamed-chunk-1","document_id":"9DA20377","expansion_state":0,"options":{"echo":true,"engine":"r","label":"unnamed-chunk-1","message":true},"row":34,"row_count":1,"visible":true},{"chunk_id":"c28nipbq0yoi4","chunk_label":"unnamed-chunk-2","document_id":"9DA20377","expansion_state":0,"options":{"echo":true,"engine":"r","label":"unnamed-chunk-2","message":false},"row":48,"row_count":1,"visible":true},{"chunk_id":"cllxuz3qgg4uk","chunk_label":"unnamed-chunk-3","document_id":"9DA20377","expansion_state":0,"options":{"echo":true,"engine":"r","label":"unnamed-chunk-3","message":true},"row":63,"row_count":1,"visible":true},{"chunk_id":"cyl8r252e8rlz","chunk_label":"unnamed-chunk-4","document_id":"9DA20377","expansion_state":0,"options":{"echo":true,"engine":"r","label":"unnamed-chunk-4","message":true},"row":77,"row_count":1,"visible":true},{"chunk_id":"cw8tpuvbmp7rm","chunk_label":"unnamed-chunk-5","document_id":"9DA20377","expansion_state":0,"options":{"echo":true,"engine":"r","label":"unnamed-chunk-5","message":true},"row":87,"row_count":1,"visible":true},{"chunk_id":"cir3nauanbmi8","chunk_label":"unnamed-chunk-6","document_id":"9DA20377","expansion_state":0,"options":{"echo":true,"engine":"r","label":"unnamed-chunk-6","message":true},"row":98,"row_count":1,"visible":true},{"chunk_id":"chss1pydbvr6y","chunk_label":"unnamed-chunk-7","document_id":"9DA20377","expansion_state":0,"options":{"echo":true,"engine":"r","label":"unnamed-chunk-7","message":true},"row":117,"row_count":1,"visible":true},{"chunk_id":"cqgtg787706fg","chunk_label":"unnamed-chunk-8","document_id":"9DA20377","expansion_state":0,"options":{"echo":true,"engine":"r","label":"unnamed-chunk-8","message":true},"row":126,"row_count":1,"visible":true}],"chunk_rendered_width":664,"doc_write_time":1589872997}