{"chunk_definitions":[{"chunk_id":"czy71m07mhlyo","chunk_label":"unnamed-chunk-1","document_id":"9DA20377","expansion_state":0,"options":{"echo":true,"engine":"r","label":"unnamed-chunk-1","message":true},"row":34,"row_count":1,"visible":true},{"chunk_id":"caa6p21pa1vik","chunk_label":"unnamed-chunk-2","document_id":"9DA20377","expansion_state":0,"options":{"echo":true,"engine":"r","label":"unnamed-chunk-2","message":false},"row":48,"row_count":1,"visible":true},{"chunk_id":"cuy8q2m0sz4w4","chunk_label":"unnamed-chunk-3","document_id":"9DA20377","expansion_state":0,"options":{"echo":true,"engine":"r","label":"unnamed-chunk-3","message":true},"row":63,"row_count":1,"visible":true},{"chunk_id":"c1u2r8c4sc1rz","chunk_label":"unnamed-chunk-4","document_id":"9DA20377","expansion_state":0,"options":{"echo":true,"engine":"r","label":"unnamed-chunk-4","message":true},"row":77,"row_count":1,"visible":true},{"chunk_id":"crehe6vmyedyt","chunk_label":"unnamed-chunk-5","document_id":"9DA20377","expansion_state":0,"options":{"echo":true,"engine":"r","label":"unnamed-chunk-5","message":true},"row":87,"row_count":1,"visible":true},{"chunk_id":"c3fra5na8vvpq","chunk_label":"unnamed-chunk-6","document_id":"9DA20377","expansion_state":0,"options":{"echo":true,"engine":"r","label":"unnamed-chunk-6","message":true},"row":98,"row_count":1,"visible":true},{"chunk_id":"c3ogak5qosr4a","chunk_label":"unnamed-chunk-7","document_id":"9DA20377","expansion_state":0,"options":{"echo":true,"engine":"r","label":"unnamed-chunk-7","message":true},"row":117,"row_count":1,"visible":true},{"chunk_id":"cwv0epertvw61","chunk_label":"unnamed-chunk-8","document_id":"9DA20377","expansion_state":0,"options":{"echo":true,"engine":"r","label":"unnamed-chunk-8","message":true},"row":126,"row_count":1,"visible":true}],"doc_write_time":1548680377}